{"cameraMode":{"drawMode":0,"name":"Shaded","section":"Shading Mode"},"sceneLighting":false,"audioPlay":false,"sceneViewState":{"m_AlwaysRefresh":false,"showFog":false,"showSkybox":false,"showFlares":false,"showImageEffects":false,"showParticleSystems":false,"showVisualEffectGraphs":true,"m_FxEnabled":true},"in2DMode":false,"pivot":{"x":-0.06570315361022949,"y":2.4644103050231935,"z":0.18482327461242677},"rotation":{"x":0.020252525806427003,"y":0.9518817663192749,"z":-0.29915401339530947,"w":0.06464084982872009},"size":2.87967848777771,"orthographic":false}